class,id
1,UX conferences in mumbai for next week
0,list all the expert in oracle
0,scala analyst with experience less than 10 years
1,java trainings between 1st of May and 2nd of December
0,list all the expert
0,what are all the competencies on thursday
1,what are all the celebration in bangalore for this month
1,my project corporate I am speaking on thursday
0,scala related competencie on wednesday
1,oracle corporate in Chennai between 1st of May and 2nd of December
1,Python conferences in mumbai for this week
1,IBelong workshop I am organizing
1,what are all my recommended workshops in Chennai on this Saturday
1,list all my recommended corporates in newyork between 1st of May and 2nd of December
1,list all celebrations happening in chennai tomorrow
1,list all trainings happening in chennai on 21st April
1,UX celebration in newyork on this Saturday
1,Python events in bangalore between 1st of May and 2nd of December
0,scala related proposals for next week
0,oracle lessons learnts on this Saturday
1,list all my event in london on this Saturday
0,what are all my open issues on next tuesday
0,java related competencie for next week
1,list all celebrations I am participating tomorrow
0,course published in java for this week
0,my apricots tomorrow
1,UI conference I am speaking on wednesday
1,oracle corporate I am organizing on Monday
0,java analysts with experience more than 3 years
1,what are all my upcoming corporates today
0,iOS leads with experience more than 3 years
1,SCALA conference in mumbai on 21st April
1,Python conference in london today
0,my competencies From 17th April and 1st of May
1,UX celebrations happening in chennai for this month
1,list all my upcoming conferences in bangalore
1,scala trainings for next week
1,list all my celebrations in newyork for this week
0,developers with 2-7 years of experience in ajax
0,my project task on wednesday
0,list all my closed task on Monday
1,trainings on next tuesday
1,my conference in london on thursday
0,list all my closed apricots for this month
0,oracle courses From 17th April and 1st of May
0,analyst in ajax with 2-7 years of experience
1,what are all the conferences in Chennai between 1st of May and 2nd of December
1,UI celebrations for this week
0,my project risks on next tuesday
1,what are all my upcoming celebrations in newyork for next month
1,.net training on Monday
1,list all my recommended trainings in mumbai for this month
0,architect with experience more than 3 years in scala
1,d&i celebration I am participating on next tuesday
1,UX workshops in Chennai between 1st of May and 2nd of December
0,SAP case studies on wednesday
1,d&i events I am participating on this Saturday
0,competencies in oracle on Monday
1,list all my project event I am organizing on Monday
1,SCALA workshop in bangalore on 21st April
1,SCALA workshops I am participating on next tuesday
1,d&i celebrations happening in chennai for this week
1,my project training on thursday
0,best practice in ajax on wednesday
0,ajax competencies
0,what are all my closed task between 1st of May and 2nd of December
0,task for this month
0,list all the designer in ajax
0,list all the course for this month
1,Hub trainings I am speaking on wednesday
1,UX celebration in mumbai on 21st April
1,list all conference in mumbai on this Saturday
1,list all my project corporates happening in chennai on wednesday
0,oracle lead with 2-7 years of experience
1,IBelong workshop I am participating tomorrow
0,.net analyst with experience more than 3 years
0,best practices in ajax
1,what are all my upcoming event in london on wednesday
1,list all my upcoming celebrations in newyork on Monday
1,Hub events in bangalore on Monday
1,Hub event in Chennai tomorrow
1,UX workshop on Monday
1,my celebration in newyork From 17th April and 1st of May
0,lessons learnt in oracle on 21st April
1,what are all my recommended corporates in newyork
1,list all my project celebration happening in chennai on next tuesday
0,oracle architect in scala
0,leads in oracle with 2-7 years of experience
0,java related best practices on thursday
0,SAP case studies for next week
0,risks From 17th April and 1st of May
1,oracle events in mumbai for next month
1,list all my upcoming corporate in newyork on thursday
1,list all my recommended event in Chennai tomorrow
0,trainings available in scala for next month
0,android analysts with 5+ years of experience
1,UI corporate I am speaking today
1,UI event on thursday
0,SAP experts with 5 years of experience
1,my corporate in bangalore
0,list all my in progress apricot on Monday
1,java celebrations in Chennai From 17th April and 1st of May
0,case studie published in java on thursday
0,list all my initiated risks From 17th April and 1st of May
1,IBelong events in bangalore for next week
0,architects with 5+ years of experience in scala
0,scala case studies tomorrow
1,my project conferences I am organizing for next month
1,java workshop I am participating today
0,list all my closed risk From 17th April and 1st of May
1,what are all the conference happening in chennai on 21st April
0,list all my closed tasks tomorrow
1,what are all my recommended training I am speaking for next month
1,what are all my upcoming conferences between 1st of May and 2nd of December
0,developers in scala
1,list all my corporates in Chennai tomorrow
0,ajax architects with 2-7 years of experience
0,my proposal on this Saturday
1,java event in newyork today
0,list all my initiated tasks between 1st of May and 2nd of December
1,IBelong conference in london on next tuesday
1,UX trainings in london for this month
1,what are all my upcoming training happening in chennai on wednesday
1,d&i corporates in mumbai on wednesday
0,list all my in progress apricots for this month
1,SCALA trainings in bangalore on thursday
0,list all my task on wednesday
0,lessons learnt on Monday
0,proposals in oracle on 21st April
1,list all my upcoming celebration happening in chennai today
1,my project workshop for this week
1,UI celebrations happening in chennai
0,scala case studie on wednesday
1,UX corporates I am organizing today
1,list all corporate I am participating for next month
0,java white papers tomorrow
1,oracle conference in london for this month
0,scala white paper on Monday
1,d&i workshop in newyork From 17th April and 1st of May
1,Python events I am speaking for next month
0,developers with experience less than 10 years
0,what are all my open issue for next week
1,Hub event in bangalore on Monday
0,designer with experience more than 3 years in java
1,what are all my recommended trainings in mumbai From 17th April and 1st of May
0,android expert in java
0,scala related lessons learnt on next tuesday
0,iOS leads with 5 years of experience
0,UX developer with 2-7 years of experience
1,list all my recommended conferences in mumbai for this week
0,what are all my in progress tasks for this week
0,ajax proposals on thursday
1,java workshops in bangalore for this week
1,my trainings in london on Monday
0,.net proposal for this week
0,my issues on this Saturday
1,list all my project workshops in newyork
1,oracle conferences in newyork
1,SCALA celebrations in Chennai today
1,d&i conference in mumbai on 21st April
0,task From 17th April and 1st of May
0,list all my apricot on wednesday
0,UX designers in java
0,iOS developers in java
1,list all celebration in mumbai on this Saturday
1,list all my project corporate in mumbai for this month
1,java event in newyork on Monday
1,IBelong events in bangalore on 21st April
1,what are all the celebrations in mumbai tomorrow
1,my project corporates I am speaking From 17th April and 1st of May
1,what are all my upcoming event in bangalore From 17th April and 1st of May
0,my risk on next tuesday
1,UI celebrations in mumbai
1,java workshop in bangalore
1,java conferences happening in chennai
0,trainings published in java for next week
0,oracle proposals on Monday
0,experts in oracle with 2-7 years of experience
1,what are all my upcoming workshops I am speaking From 17th April and 1st of May
1,what are all my upcoming conference I am speaking for next month
0,UX architects in java
1,list all my celebrations happening in chennai for next month
1,list all my upcoming celebration in london for next week
0,ajax analyst with experience more than 3 years
0,leads in ajax with 2-7 years of experience
1,d&i celebrations I am organizing between 1st of May and 2nd of December
1,my project workshops happening in chennai on this Saturday
0,scala related white paper tomorrow
1,java celebrations in london for this week
0,what are all my initiated issue for next month
0,ajax lessons learnts on Monday
0,case studies for this month
1,Hub training happening in chennai for this month
1,UX celebrations I am participating today
0,java developers in scala
1,list all my conferences I am organizing tomorrow
1,list all celebrations in bangalore
0,list all my project issue between 1st of May and 2nd of December
1,list all my recommended workshop I am organizing tomorrow
1,what are all the corporate in bangalore on wednesday
0,java best practices on wednesday
1,training in oracle for this week
0,list all my closed tasks on wednesday
1,list all my upcoming event I am organizing on Monday
1,Hub events in newyork between 1st of May and 2nd of December
0,what are all my in progress tasks tomorrow
1,what are all the celebrations in bangalore on wednesday
1,oracle trainings I am speaking on Monday
1,SCALA celebrations in bangalore From 17th April and 1st of May
0,scala best practice From 17th April and 1st of May
1,Hub corporate in Chennai for this week
0,android analysts in ajax
0,ajax lessons learnt tomorrow
1,what are all my recommended events in Chennai on thursday
1,UX workshops in Chennai tomorrow
0,my competencies on this Saturday
0,courses in ajax on thursday
0,lead in oracle with experience more than 3 years
1,d&i event in mumbai for this month
1,list all my project celebration I am organizing From 17th April and 1st of May
0,ajax course for this week
0,what are all the best practices From 17th April and 1st of May
1,list all my celebration I am organizing on thursday
1,oracle workshops happening in chennai on next tuesday
1,Python conferences in bangalore on this Saturday
1,my project corporates in bangalore on 21st April
0,.net experts with 2-7 years of experience
0,competencies in oracle on next tuesday
0,who are all the developer
1,list all my conferences in bangalore on this Saturday
0,SAP courses on next tuesday
0,scala related developer in ajax
1,list all my celebration in newyork for next month
1,what are all the workshops happening in chennai tomorrow
0,best practice published in java on next tuesday
1,list all workshop in newyork for next month
1,list all my upcoming corporate in Chennai on next tuesday
0,my project apricot on Monday
1,list all my upcoming trainings in mumbai today
0,competencies available in scala on this Saturday
0,list all my initiated risk for this month
0,.net competencies on next tuesday
1,list all my upcoming conference in mumbai on 21st April
0,what are all the best practices
0,lead in scala with 5+ years of experience
1,list all my recommended corporates I am speaking on 21st April
1,what are all the celebration happening in chennai between 1st of May and 2nd of December
0,list all my open risk on wednesday
0,list all my project issue on 21st April
0,competencie in ajax for next week
1,list all corporate in Chennai tomorrow
1,list all my project corporate for this month
1,Python training in newyork on this Saturday
1,d&i workshops in mumbai for next week
1,my trainings I am speaking
0,experts in scala with 2-7 years of experience
0,oracle architect in java
0,list all the developer in scala
0,ajax proposals for next week
0,java developers in oracle
1,list all my recommended corporate in mumbai for next week
1,my workshops in bangalore for this week
0,designers in ajax with 5+ years of experience
1,my project workshop I am participating on 21st April
0,analysts with experience less than 10 years in ajax
1,d&i event in mumbai on wednesday
1,list all my celebration happening in chennai on Monday
0,white papers available in scala for next month
0,list all my in progress risk for next week
1,my workshop I am participating on 21st April
1,list all my project corporate I am speaking on wednesday
1,oracle event in newyork for next month
1,my conference I am speaking on thursday
0,competencie in ajax for this week
1,list all my project celebrations in mumbai
0,competencies in ajax on this Saturday
1,IBelong training I am organizing on wednesday
1,SCALA workshop in Chennai for this week
0,scala related expert with 5+ years of experience
0,list all my closed apricots From 17th April and 1st of May
1,list all my upcoming corporates in bangalore tomorrow
0,case studie tomorrow
1,UI conferences in mumbai tomorrow
1,oracle training I am organizing on thursday
0,.net proposal on wednesday
1,java training happening in chennai on 21st April
1,UX corporates I am participating today
0,tasks tomorrow
1,d&i workshops in Chennai on Monday
0,case studie in oracle on this Saturday
1,conferences for next month
1,java corporate in Chennai
0,scala developers in oracle
1,my project celebration in Chennai for next month
0,SAP analyst in scala
1,SCALA corporate in newyork on Monday
1,java training I am organizing for next month
0,white papers published in java for next month
1,what are all my recommended training in mumbai today
1,list all my recommended corporates in bangalore on this Saturday
0,scala related developer in java
0,case studies in ajax today
0,ajax competencie on thursday
1,list all my workshop I am speaking From 17th April and 1st of May
1,UX workshop in bangalore From 17th April and 1st of May
1,Python events I am participating for next month
0,UX lead with 5+ years of experience
1,d&i workshops I am organizing From 17th April and 1st of May
1,Hub workshops in bangalore for next week
0,my project apricots for next week
1,Hub trainings happening in chennai on thursday
1,java workshops in bangalore between 1st of May and 2nd of December
0,java lessons learnt on next tuesday
1,list all my upcoming training in mumbai for this week
1,trainings in ajax on Monday
1,list all celebrations in mumbai on thursday
1,java workshop in london for next week
1,IBelong celebrations I am speaking today
0,SAP analysts with 2-7 years of experience
1,list all my conferences in Chennai for next month
0,what are all my closed tasks between 1st of May and 2nd of December
1,Python conference in mumbai on wednesday
0,what are all my initiated risk on this Saturday
1,list all my upcoming training happening in chennai for next month
0,ajax developer with 2-7 years of experience
0,leads in oracle with 5+ years of experience
0,what are all my open issue tomorrow
0,ajax best practices on this Saturday
1,list all my trainings in newyork From 17th April and 1st of May
1,Hub workshop for this week
1,d&i workshop I am participating for next week
1,what are all my recommended trainings happening in chennai on Monday
1,list all my workshop I am organizing for this week
1,what are all the trainings in bangalore for this week
1,d&i trainings in Chennai on wednesday
0,what are all my initiated issues for this month
0,.net competencie on Monday
0,my project issue on this Saturday
1,Hub workshops in newyork for next month
0,java white papers for this week
0,case studie in ajax on this Saturday
0,what are all my open tasks for next week
1,list all my project workshop in london on wednesday
1,list all my project workshop I am speaking for this week
1,what are all my recommended celebrations in mumbai on thursday
0,oracle lessons learnts today
0,what are all my closed apricot for next month
0,my apricot From 17th April and 1st of May
1,list all my event I am organizing on 21st April
1,list all my workshops happening in chennai for next month
1,IBelong conferences in bangalore for next month
1,UX celebration in newyork From 17th April and 1st of May
0,task tomorrow
0,courses for next week
1,d&i training in Chennai on next tuesday
0,what are all my initiated apricots on next tuesday
0,competencies on this Saturday
1,d&i celebrations on thursday
1,list all my upcoming conferences in bangalore on thursday
0,designer with experience less than 10 years
1,what are all the celebration in mumbai for this week
0,expert in ajax
1,list all workshops on Monday
0,list all the white papers
1,IBelong event I am speaking on next tuesday
0,list all the proposals on this Saturday
1,UX event I am speaking From 17th April and 1st of May
1,Python events I am organizing From 17th April and 1st of May
1,my workshops in london on 21st April
0,list all my open task for next week
1,list all my corporate in Chennai on thursday
0,white paper in oracle on 21st April
1,what are all my upcoming celebration I am speaking for next month
1,Python event I am participating on Monday
0,proposal in ajax for next week
0,java architects with 5+ years of experience
0,java related course between 1st of May and 2nd of December
0,ajax case studies tomorrow
1,SCALA events in newyork for next month
1,Hub event in bangalore tomorrow
0,.net best practice on 21st April
1,what are all my upcoming training on Monday
0,case studie available in scala for this week
0,list all my in progress issues for this week
1,oracle corporate I am participating on next tuesday
0,developers with experience more than 3 years
0,courses published in java on this Saturday
1,what are all my recommended conferences happening in chennai on next tuesday
1,my project events I am speaking for this week
1,java training for this month
0,my project apricots tomorrow
1,my project celebrations in Chennai for next month
1,list all my project workshop I am participating on wednesday
1,list all my trainings in london for next month
1,IBelong workshops happening in chennai for next week
1,what are all the celebration I am participating between 1st of May and 2nd of December
1,oracle celebrations happening in chennai for next week
0,proposal available in scala for next month
0,what are all my closed risk today
1,what are all my upcoming event I am speaking for next month
1,what are all the corporate happening in chennai on wednesday
1,what are all my upcoming corporate I am participating for this week
1,UX celebrations I am participating for this week
0,list all the developers
1,list all my recommended trainings happening in chennai
0,course between 1st of May and 2nd of December
0,scala related white paper for next month
1,oracle events in mumbai tomorrow
1,list all my events on this Saturday
1,list all my recommended corporates I am participating for next month
1,scala training From 17th April and 1st of May
0,ajax case studies for next month
1,UI events in newyork for next month
0,competencies in oracle on wednesday
0,oracle best practice for this week
1,what are all my upcoming event I am organizing for this week
0,UX designer with 5 years of experience
1,my workshop in london on 21st April
1,what are all my upcoming workshop I am speaking for this week
0,what are all my in progress issue on thursday
0,scala related white papers on wednesday
0,my lessons learnts on this Saturday
0,my lessons learnt on thursday
0,.net lessons learnts on wednesday
1,oracle corporate in Chennai for this month
0,java related lessons learnt for this week
0,competencie on next tuesday
0,my issue on thursday
1,my project conferences I am participating on Monday
0,list all my closed task today
1,list all my recommended events happening in chennai for next week
0,scala analysts with experience more than 3 years
0,list all my in progress risks for this week
0,case studie published in java on next tuesday
0,SAP proposals for this month
1,trainings published in java on Monday
0,ajax white papers on this Saturday
0,lead with 2-7 years of experience in ajax
1,list all workshops in Chennai for next month
1,d&i events I am speaking on Monday
1,Python workshop From 17th April and 1st of May
0,my best practices for next month
1,what are all the corporates I am organizing on this Saturday
0,scala related designer with 2-7 years of experience
0,list all my task tomorrow
0,SAP proposals
1,what are all my upcoming event in bangalore for next week
0,UX developers with experience less than 10 years
1,Python training I am participating From 17th April and 1st of May
1,UX celebration in Chennai on wednesday
0,architects in java with experience less than 10 years
0,courses between 1st of May and 2nd of December
0,.net lessons learnts for this week
1,Hub workshop in london on this Saturday
1,list all corporate I am organizing for next month
0,scala related case studies for this week
0,analysts with 5 years of experience in oracle
1,my project conference I am participating for this month
0,competencie in ajax on wednesday
0,.net best practice on thursday
0,white papers in ajax on this Saturday
1,oracle corporate I am speaking on 21st April
1,what are all my recommended workshops for this week
0,trainings published in java From 17th April and 1st of May
1,Python celebration happening in chennai tomorrow
0,my tasks on thursday
1,java celebrations in mumbai on this Saturday
1,Python corporates in bangalore on 21st April
1,UX training in Chennai between 1st of May and 2nd of December
1,d&i events on 21st April
0,what are all my open issue for next month
0,leads in java with experience less than 10 years
0,list all my project issues From 17th April and 1st of May
1,oracle workshop I am participating
1,list all corporates in newyork between 1st of May and 2nd of December
0,oracle white paper on 21st April
1,Python celebration in mumbai tomorrow
1,list all my recommended event in bangalore on wednesday
1,SCALA conferences in london for this week
1,list all celebration in london for next month
1,SCALA workshop on Monday
1,what are all the conferences tomorrow
0,what are all my open task tomorrow
0,what are all my closed risks tomorrow
0,scala related competencies between 1st of May and 2nd of December
0,list all the white papers for this month
1,SCALA celebrations in newyork today
0,case studies in ajax on next tuesday
0,scala best practice for this week
1,SCALA training in bangalore for next month
1,java celebration in london on thursday
1,my conference I am organizing on Monday
0,list all my closed risks for next week
0,my competencies on next tuesday
0,trainings published in java for next month
0,.net white paper on 21st April
0,case studies in oracle From 17th April and 1st of May
0,best practice in oracle tomorrow
1,SCALA conference in mumbai on thursday
1,Hub trainings in Chennai on wednesday
1,UX celebration in newyork today
1,my project celebration I am participating on next tuesday
0,developer with 5+ years of experience in java
1,what are all the corporates in bangalore for next week
1,list all my recommended workshops happening in chennai on Monday
0,list all the developer with experience more than 3 years
0,best practice for next week
1,my event I am participating between 1st of May and 2nd of December
1,my project conference in bangalore
0,my lessons learnts on wednesday
1,list all conference I am participating today
1,list all my recommended conference I am organizing for next week
0,my issue for next week
0,designer in scala with 2-7 years of experience
1,what are all my recommended trainings in newyork tomorrow
0,java lead in ajax
1,what are all my recommended training I am organizing on thursday
1,list all my upcoming conference I am speaking today
0,case studies in ajax tomorrow
0,ajax case studie between 1st of May and 2nd of December
0,list all my closed apricot on thursday
1,oracle celebration I am speaking on this Saturday
1,what are all my upcoming conference in newyork for next month
1,what are all my recommended workshop I am speaking on this Saturday
0,.net course between 1st of May and 2nd of December
1,list all my project workshops in london on 21st April
0,ajax white papers today
1,what are all the training in mumbai today
1,IBelong celebration in Chennai for this month
1,list all my project training I am speaking tomorrow
0,ajax competencies today
0,who are all the expert
0,android architect with 5 years of experience
0,list all my initiated issue on 21st April
1,what are all my upcoming corporate tomorrow
1,d&i workshop in Chennai on Monday
1,UI workshops in Chennai From 17th April and 1st of May
1,what are all my upcoming corporates in london on thursday
1,list all my event in newyork on 21st April
1,java trainings on Monday
1,list all my upcoming events in bangalore between 1st of May and 2nd of December
0,.net course
0,list all my risks for next week
1,scala related training on wednesday
0,lessons learnt for next week
1,list all the trainings on 21st April
1,list all my recommended event in Chennai on this Saturday
0,my apricots for next month
0,what are all the lessons learnts
0,lead with experience less than 10 years
0,competencies in ajax for next week
0,case studie in oracle on thursday
0,java related competencie on Monday
1,what are all my recommended corporate in Chennai for next month
0,proposal in oracle for this week
1,UX celebration I am participating
0,case studies in ajax on thursday
1,Hub workshop in Chennai for this week
0,.net white papers for this week
1,UI corporate in bangalore for this week
1,my project corporate I am speaking on wednesday
1,Hub celebrations for this month
1,d&i workshop for this week
1,java celebration in Chennai on thursday
1,trainings available in scala for this month
1,IBelong event happening in chennai for this month
1,Python conference in london for this month
1,list all my trainings in Chennai on 21st April
0,ajax competencies for this month
1,UI training happening in chennai on 21st April
1,list all my recommended celebrations I am organizing on next tuesday
0,scala related lessons learnts on wednesday
0,architect with 5+ years of experience in oracle
1,my conferences in Chennai on next tuesday
1,SCALA trainings in mumbai for this week
1,Hub celebrations in mumbai on wednesday
0,list all my closed issues for next month
0,.net leads in java
0,best practices in ajax From 17th April and 1st of May
1,list all my project conference I am speaking tomorrow
0,lessons learnt in ajax on 21st April
1,UI training in bangalore on this Saturday
0,case studies for next month
0,analyst with experience less than 10 years in ajax
0,courses available in scala on next tuesday
0,what are all my open task on wednesday
0,what are all my in progress issues on 21st April
0,architects in oracle with experience less than 10 years
0,case studies in oracle on 21st April
1,UI workshops for next week
1,UI conferences in mumbai for this week
1,list all my project celebration I am organizing
1,my events I am speaking today
0,what are all the white paper tomorrow
0,java lead with experience more than 3 years
1,my celebrations in mumbai for next week
1,what are all my upcoming workshops in london on thursday
0,what are all my closed issues today
0,case studies published in java today
1,oracle training in bangalore
1,my workshop in Chennai
1,java corporates I am participating today
0,list all my closed issues tomorrow
1,list all events in mumbai on wednesday
1,list all my upcoming event in Chennai for next week
0,lead in java
0,java developers with experience less than 10 years
0,designers with 5+ years of experience in oracle
1,Hub workshop in bangalore From 17th April and 1st of May
1,d&i conferences happening in chennai between 1st of May and 2nd of December
0,SAP leads
0,SAP white paper for this week
1,oracle trainings on 21st April
0,java related proposal on Monday
1,list all my upcoming corporate in bangalore on thursday
0,scala lessons learnts on this Saturday
1,UX conferences in london between 1st of May and 2nd of December
0,what are all my initiated tasks for this month
1,my project workshops in mumbai on wednesday
0,competencies published in java for next month
1,what are all my recommended event in mumbai on wednesday
1,java training in mumbai for next month
1,d&i celebrations in london on thursday
0,scala case studies on this Saturday
0,java related case studie on next tuesday
1,list all my project celebration in mumbai
0,iOS designers with 2-7 years of experience
0,scala case studies on next tuesday
1,UI training in london for this week
0,java case studie From 17th April and 1st of May
0,iOS developer with experience less than 10 years
1,my project workshop in london between 1st of May and 2nd of December
1,list all my workshops in Chennai on next tuesday
1,workshop I am organizing
1,what are all my upcoming corporates I am speaking today
1,list all training in Chennai between 1st of May and 2nd of December
1,what are all my recommended celebration in mumbai on 21st April
0,.net best practices on Monday
0,SAP white papers From 17th April and 1st of May
0,ajax lessons learnts on wednesday
1,list all my recommended events in mumbai on Monday
0,scala white papers on wednesday
0,.net competencie between 1st of May and 2nd of December
0,scala white paper on 21st April
0,scala best practices tomorrow
0,SAP course for next month
1,java celebrations I am participating for next month
1,list all my upcoming celebrations on 21st April
0,developers in ajax with 5 years of experience
1,d&i conference in mumbai
1,d&i conferences for this month
1,my celebrations I am organizing
0,ajax lead
1,what are all my recommended conferences in Chennai on Monday
1,list all events I am speaking for this week
0,scala proposals for this month
1,scala related training on thursday
1,SCALA events happening in chennai on wednesday
1,Hub conference I am organizing tomorrow
0,what are all my initiated apricots between 1st of May and 2nd of December
0,iOS architects with 5 years of experience
1,list all my recommended celebrations I am speaking for next week
1,Hub corporate happening in chennai tomorrow
1,UX trainings I am speaking on next tuesday
1,Hub conferences in mumbai on this Saturday
1,oracle event in Chennai between 1st of May and 2nd of December
1,list all my recommended events in Chennai for next month
1,SCALA celebration I am organizing for this week
0,my tasks for next month
0,.net analyst with experience less than 10 years
0,white paper for this week
0,scala related case studies today
1,oracle event in london From 17th April and 1st of May
0,best practice published in java
0,ajax competencies for next month
0,what are all my initiated tasks tomorrow
0,list all my initiated apricot on wednesday
1,UI workshops in Chennai on this Saturday
0,what are all my closed risk tomorrow
1,UI events in newyork on wednesday
0,list all my in progress task for next month
0,list all my open task on this Saturday
1,my celebrations in newyork
1,list all corporate in mumbai on thursday
1,UX events in Chennai today
1,training in ajax on Monday
0,java related case studie From 17th April and 1st of May
0,my risk on 21st April
1,list all my workshop I am participating today
1,oracle celebration in newyork on 21st April
1,java training tomorrow
0,what are all my initiated risks for this month
0,lessons learnts in oracle for next month
1,list all workshop I am organizing on Monday
0,experts with experience more than 3 years
0,SAP best practice on thursday
0,java developer in java
0,my project risks on Monday
1,list all my project corporate in mumbai on this Saturday
1,d&i corporates I am speaking on thursday
1,my project trainings I am participating for this week
1,trainings in oracle today
1,list all workshop happening in chennai
0,iOS developer in java
0,ajax best practices for this month
1,list all my corporates in london From 17th April and 1st of May
0,case studie in ajax for next month
1,Python workshop on 21st April
0,SAP lessons learnts for next month
0,course published in java on Monday
1,what are all my recommended conference in london on Monday
0,competencies in ajax on thursday
0,iOS analysts in ajax
0,ajax competencie on wednesday
1,Python conference happening in chennai on thursday
1,list all my recommended workshop in mumbai for this week
1,d&i celebration in newyork for next week
1,list all workshop for next week
0,.net competencie today
1,java training happening in chennai tomorrow
1,what are all my recommended celebration in london
1,list all my recommended workshop I am organizing on next tuesday
0,who are all the architect with 5+ years of experience
0,list all my closed apricot for this week
1,what are all my upcoming celebration happening in chennai on wednesday
1,training in oracle on next tuesday
1,what are all my recommended celebration happening in chennai From 17th April and 1st of May
0,java analysts in ajax
1,IBelong workshops happening in chennai for this week
1,SCALA celebration I am participating for next month
0,list all the designers with 2-7 years of experience
0,iOS experts in java
1,what are all my upcoming conference happening in chennai on next tuesday
1,IBelong corporate in london From 17th April and 1st of May
0,iOS analysts with 2-7 years of experience
0,list all my apricot on Monday
1,d&i celebrations I am organizing
1,list all celebrations happening in chennai between 1st of May and 2nd of December
1,list all conferences in Chennai for next week
0,java related course on wednesday
0,architects in oracle
0,SAP case studie for this month
1,Python event in bangalore on thursday
1,list all my recommended corporates in newyork for this week
1,list all workshops I am organizing on Monday
1,list all corporates I am organizing today
0,who are all the developer in scala
1,list all my upcoming training in newyork on 21st April
0,competencies published in java between 1st of May and 2nd of December
1,Python celebrations in Chennai for next month
0,ajax competencie for next week
1,list all my celebrations in Chennai for next month
1,scala training for this week
1,list all my project events happening in chennai for next month
1,my trainings I am speaking for next month
1,scala training on thursday
1,list all my project conference in Chennai
1,list all my project conferences in Chennai on thursday
1,Python training happening in chennai on next tuesday
1,list all my conference I am speaking for this week
1,SCALA workshops I am organizing for this month
0,what are all my closed issue on this Saturday
0,SAP case studies for this week
1,what are all the celebrations in mumbai on next tuesday
1,d&i trainings I am participating on this Saturday
0,scala white papers on thursday
1,my workshops happening in chennai between 1st of May and 2nd of December
1,list all my recommended conference in Chennai for this month
1,java celebrations From 17th April and 1st of May
0,analyst in java with 5+ years of experience
1,list all my upcoming trainings I am speaking for this week
1,what are all my upcoming workshops in london on wednesday
0,scala competencies From 17th April and 1st of May
0,SAP competencies From 17th April and 1st of May
0,lead in ajax with 5 years of experience
0,scala competencie tomorrow
1,SCALA corporate in Chennai on Monday
1,Python celebration in Chennai on thursday
0,scala developer
0,white paper between 1st of May and 2nd of December
0,what are all my closed apricots From 17th April and 1st of May
1,what are all my recommended workshop in Chennai tomorrow
1,list all my conference in london between 1st of May and 2nd of December
1,UX workshops in newyork for next month
1,oracle corporate I am organizing for next week
0,list all the developers with 2-7 years of experience
0,list all my initiated task on Monday
1,what are all my recommended corporate in newyork
1,list all my recommended corporate for this week
0,list all my project issues on Monday
1,oracle corporates in bangalore on 21st April
0,scala architects with 2-7 years of experience
1,Hub celebrations in Chennai From 17th April and 1st of May
1,SCALA celebrations in newyork between 1st of May and 2nd of December
0,white papers in oracle on this Saturday
0,my project task on thursday
1,list all my upcoming events on wednesday
0,oracle developer
1,list all my upcoming celebrations in london for next week
1,Python conferences I am participating on Monday
1,what are all my upcoming celebrations in newyork tomorrow
1,java trainings today
1,Hub celebrations happening in chennai
0,UX leads with 2-7 years of experience
1,list all my project workshops for next month
1,UX event I am speaking on wednesday
1,my conferences in newyork on next tuesday
0,java proposal on Monday
0,courses in oracle for this week
1,oracle conferences in mumbai tomorrow
1,list all workshops in london today
0,list all my closed issues on next tuesday
1,list all my upcoming training I am participating between 1st of May and 2nd of December
0,ajax designers in ajax
1,list all my recommended conference I am speaking for this week
0,best practices in ajax for this week
1,list all my project workshops I am organizing on this Saturday
1,list all my workshops in Chennai on wednesday
0,my competencies on wednesday
1,list all my corporate I am speaking for next week
1,Hub workshop in london on wednesday
0,list all my closed apricot on 21st April
0,experts with experience more than 3 years in scala
0,analyst with 5+ years of experience in java
1,list all my upcoming corporate in Chennai on wednesday
1,what are all the celebrations in mumbai for next week
1,java related trainings between 1st of May and 2nd of December
0,java competencie on thursday
0,ajax architects with 5+ years of experience
1,oracle event in Chennai for next month
1,IBelong workshops in Chennai on Monday
0,android analysts
0,proposals in ajax for this month
1,list all my upcoming celebration on this Saturday
1,SCALA event in london between 1st of May and 2nd of December
1,my project corporate I am speaking between 1st of May and 2nd of December
1,list all celebrations in Chennai on this Saturday
1,oracle conference I am participating for next month
0,UX architect with 5+ years of experience
1,what are all my upcoming trainings in london
1,Python celebrations From 17th April and 1st of May
0,list all my initiated tasks on 21st April
0,ajax analysts with 5 years of experience
1,my trainings in Chennai on Monday
0,oracle white paper
0,list all the case studies today
1,IBelong trainings in london on Monday
1,what are all my upcoming corporates I am speaking for this month
0,oracle lessons learnts tomorrow
1,list all corporates in newyork From 17th April and 1st of May
1,oracle celebrations in newyork From 17th April and 1st of May
0,architect in java with 5 years of experience
1,what are all my recommended corporate in Chennai
0,android designers
1,Python event in bangalore for this month
1,Python workshops I am participating on wednesday
1,SCALA workshop in bangalore on this Saturday
0,java related lessons learnt on next tuesday
0,task for next week
0,what are all my initiated issue From 17th April and 1st of May
0,java experts with 2-7 years of experience
0,list all the expert with experience less than 10 years
0,white paper in ajax for next month
1,list all conferences in bangalore on 21st April
0,SAP case studie
0,list all my issue between 1st of May and 2nd of December
1,my conference I am participating on next tuesday
1,list all my upcoming workshops happening in chennai for next week
0,SAP lead in oracle
1,Hub corporate in newyork for next month
1,Hub corporate I am organizing for next month
0,my course between 1st of May and 2nd of December
1,java training tomorrow
0,android lead with 5+ years of experience
1,what are all my upcoming event I am speaking
1,list all my events in mumbai on 21st April
1,what are all my recommended conferences I am participating on Monday
0,analysts with 2-7 years of experience in java
0,java best practice for this month
1,Hub trainings I am participating for this month
1,java conference for this month
0,what are all my initiated task From 17th April and 1st of May
0,list all my apricot for this week
1,UX events on next tuesday
0,developer with experience less than 10 years in oracle
1,UI workshops on Monday
1,list all training in Chennai for next month
0,leads with 2-7 years of experience
0,iOS expert with experience more than 3 years
0,scala courses on thursday
1,list all conferences tomorrow
1,my training on thursday
1,list all my upcoming corporate on this Saturday
1,what are all my upcoming celebrations I am participating tomorrow
1,Hub workshop in bangalore on Monday
1,SCALA celebrations in Chennai for next month
1,what are all the event I am participating on thursday
1,list all corporates on wednesday
1,my training for next week
0,list all my apricots From 17th April and 1st of May
0,expert in java with 2-7 years of experience
1,what are all my upcoming celebration I am participating on thursday
0,what are all the white papers for this week
1,list all my project events in Chennai for this week
0,my project apricot for this week
1,java workshops for next week
1,trainings for this week
0,oracle leads in scala
1,java event I am organizing on this Saturday
1,my workshop on wednesday
0,scala related case studie for next month
0,scala courses for this week
0,oracle best practice tomorrow
0,list all my initiated apricot today
1,what are all my upcoming celebration in mumbai for next week
0,competencie in oracle on next tuesday
0,SAP proposals on this Saturday
0,what are all my open issue for this month
0,what are all my open risk on next tuesday
0,scala best practice tomorrow
1,java training between 1st of May and 2nd of December
0,scala white paper on this Saturday
0,what are all my initiated issues today
0,white papers on this Saturday
0,my project apricots on thursday
1,what are all the workshop in newyork
1,what are all my recommended corporate in Chennai for this month
1,list all my project workshop in bangalore on thursday
1,training on wednesday
1,oracle workshop in london for next month
1,my project conferences in london today
1,my project trainings in london on next tuesday
1,UI conferences in bangalore tomorrow
0,SAP lessons learnt for this week
1,list all my project trainings in mumbai on wednesday
0,what are all my initiated risk tomorrow
1,UX corporates for next week
0,lead in scala with experience more than 3 years
1,trainings for next week
1,Hub corporate I am speaking From 17th April and 1st of May
1,my celebration in Chennai on Monday
1,UI celebrations I am participating on 21st April
0,what are all my initiated tasks for next week
1,what are all the trainings I am participating From 17th April and 1st of May
0,scala case studie between 1st of May and 2nd of December
0,list all my in progress task on 21st April
1,java workshop I am participating for this month
0,list all my closed task between 1st of May and 2nd of December
1,list all conference in bangalore for next month
0,java white paper on 21st April
0,iOS developers with experience more than 3 years
1,IBelong workshop I am organizing on this Saturday
1,UI trainings happening in chennai on 21st April
0,what are all my open risks on Monday
0,what are all my initiated risk for this week
1,Hub workshops I am organizing on thursday
0,iOS designer in ajax
0,android designers with 5+ years of experience
1,list all my project event I am speaking on thursday
0,my risks between 1st of May and 2nd of December
1,Python conference in london on Monday
1,training on Monday
1,java workshops in newyork on Monday
0,who are all the developers with experience more than 3 years
0,white paper in ajax on thursday
0,list all my project issue on this Saturday
1,list all my project workshop I am participating on this Saturday
1,Python event in bangalore on Monday
0,list all the competencie for this week
1,list all my project workshops in london
0,list all the analysts
0,list all the expert with experience more than 3 years
1,UX corporates between 1st of May and 2nd of December
1,SCALA training in newyork on this Saturday
1,list all my trainings in Chennai tomorrow
0,list all my open tasks on Monday
1,Python conference in bangalore between 1st of May and 2nd of December
0,white papers in ajax for next week
0,oracle lessons learnt for this month
1,what are all the celebration I am speaking between 1st of May and 2nd of December
0,what are all the lessons learnts tomorrow
0,ajax leads in ajax
0,scala related best practices for next week
1,what are all my upcoming celebrations in london on thursday
1,what are all my recommended event in newyork on 21st April
0,SAP white papers
0,courses on thursday
1,list all my recommended corporates happening in chennai on 21st April
1,what are all my upcoming event I am participating on next tuesday
0,iOS developer in oracle
0,ajax proposals tomorrow
0,java related competencies
0,analyst with 5 years of experience
1,d&i workshop happening in chennai for this month
1,UI workshop From 17th April and 1st of May
0,best practices published in java
1,list all my celebrations in newyork on Monday
0,scala leads in java
1,what are all my recommended celebration I am speaking for next week
1,oracle conferences in london From 17th April and 1st of May
0,case studie available in scala on this Saturday
1,UI conference in Chennai
1,Hub workshop in Chennai
0,list all my initiated task between 1st of May and 2nd of December
1,UX trainings in newyork on next tuesday
1,my project workshops I am organizing on thursday
0,.net analysts
1,d&i celebration on this Saturday
1,java conference tomorrow
1,Python training in bangalore on wednesday
0,oracle proposals today
1,my project workshops I am organizing for this month
1,what are all my upcoming trainings in bangalore on Monday
0,java related lessons learnt on wednesday
1,UI workshops happening in chennai for next month
1,what are all the celebrations I am speaking on next tuesday
0,what are all the case studies for this month
0,oracle best practices on next tuesday
1,list all my event in london for next week
0,java related case studies on next tuesday
1,list all my trainings in newyork for next month
0,issue between 1st of May and 2nd of December
1,list all my recommended celebration in newyork today
1,UI conferences in mumbai on Monday
0,developer in ajax
0,lessons learnt in ajax for next month
1,java event in newyork From 17th April and 1st of May
0,list all the case studie on wednesday
1,UX celebration I am participating on this Saturday
0,courses in oracle today
1,d&i workshop in london on Monday
1,IBelong conferences in bangalore
0,android designer with experience less than 10 years
1,SCALA corporate I am participating on Monday
0,scala related course
0,java best practice on wednesday
1,Python workshops in newyork on 21st April
0,best practice in oracle on this Saturday
0,architect in oracle with 5 years of experience
1,list all celebration in london for next week
1,ajax trainings From 17th April and 1st of May
1,UI corporate in london tomorrow
0,.net lessons learnts on 21st April
1,UI workshop I am speaking From 17th April and 1st of May
0,ajax case studie on 21st April
0,competencies available in scala between 1st of May and 2nd of December
1,list all my upcoming corporate happening in chennai for this month
0,what are all my initiated task between 1st of May and 2nd of December
0,java related lessons learnt tomorrow
0,ajax analysts in scala
1,UI trainings happening in chennai on next tuesday
0,.net competencie From 17th April and 1st of May
0,risks between 1st of May and 2nd of December
1,Python workshop I am organizing on thursday
0,.net best practices
1,SCALA celebrations in Chennai on this Saturday
1,list all workshop in newyork on this Saturday
1,list all my upcoming celebrations in Chennai for next month
1,UI conferences in bangalore From 17th April and 1st of May
1,list all my upcoming celebrations I am participating for this month
0,scala related experts with 2-7 years of experience
0,task on wednesday
0,competencie in ajax on Monday
1,IBelong celebration happening in chennai on 21st April
0,iOS experts in oracle
0,ajax courses between 1st of May and 2nd of December
0,who are all the architect with 2-7 years of experience
0,list all my task for this month
1,my workshops today
0,what are all my in progress task today
1,list all the training on this Saturday
1,UI events in Chennai today
1,java conference in mumbai on this Saturday
1,list all my upcoming conferences in mumbai between 1st of May and 2nd of December
1,java celebration in london tomorrow
1,d&i event I am organizing for next week
0,designers in java with 5 years of experience
1,list all my recommended training happening in chennai for next week
1,what are all the conferences on Monday
1,d&i corporates in Chennai between 1st of May and 2nd of December
0,best practices in ajax on Monday
1,list all events I am organizing for this month
0,list all my open risk on thursday
1,what are all the events I am speaking
0,SAP proposal
0,java course on Monday
1,list all my project workshops I am participating on next tuesday
0,java related white papers on this Saturday
1,what are all my recommended trainings in Chennai today
1,SCALA workshop happening in chennai From 17th April and 1st of May
0,list all my initiated risks for this month
1,list all my recommended corporate happening in chennai on wednesday
0,who are all the designers
1,d&i celebrations I am organizing on thursday
1,UX conference in newyork for next week
0,android experts in scala
0,list all the white papers tomorrow
1,my conferences I am organizing on 21st April
1,d&i workshop in london tomorrow
1,Hub celebrations in london on Monday
1,list all my upcoming corporate happening in chennai on Monday
0,list all my closed risk on 21st April
1,what are all the events in Chennai for this month
1,what are all my recommended workshop in mumbai on this Saturday
1,my project conference happening in chennai on next tuesday
0,best practices on this Saturday
1,list all my recommended celebrations I am speaking From 17th April and 1st of May
0,iOS analysts in oracle
1,list all celebrations happening in chennai on Monday
0,what are all my in progress issues today
1,my project workshops I am speaking
1,list all my events in bangalore between 1st of May and 2nd of December
1,list all my trainings happening in chennai From 17th April and 1st of May
1,java conferences I am speaking on thursday
0,my issues today
1,list all training in london on Monday
1,UI corporates tomorrow
1,java celebrations tomorrow
1,trainings in oracle on this Saturday
1,what are all my recommended workshops happening in chennai today
1,list all my upcoming conferences I am organizing on thursday
1,IBelong workshop in Chennai From 17th April and 1st of May
1,my project workshop in Chennai between 1st of May and 2nd of December
0,what are all the case studies tomorrow
0,iOS developer
0,who are all the developers with 2-7 years of experience
0,leads with 5+ years of experience in scala
1,Python workshop I am participating on thursday
1,d&i trainings in london tomorrow
0,what are all my open risks on wednesday
1,UX workshops I am organizing for next month
1,scala related training for next week
1,list all event I am speaking for this week
0,who are all the analysts in java
1,Python conferences happening in chennai today
1,UX events From 17th April and 1st of May
0,scala related lessons learnts
0,scala related competencie between 1st of May and 2nd of December
1,what are all my upcoming events happening in chennai From 17th April and 1st of May
0,competencie published in java between 1st of May and 2nd of December
0,ajax lessons learnt between 1st of May and 2nd of December
0,list all my issues for this month
0,UX designers in oracle
1,my project events happening in chennai From 17th April and 1st of May
1,my conferences I am participating on Monday
1,IBelong training on 21st April
1,my training on Monday
0,my competencie on Monday
0,what are all my in progress apricots today
0,java course on 21st April
1,scala related trainings on 21st April
1,UI workshops in newyork
0,my course today
1,SCALA event on Monday
1,Python conference in london for next month
0,my issue on next tuesday
1,what are all my upcoming training I am organizing for this month
1,Hub conference I am participating today
1,list all my recommended workshop in mumbai From 17th April and 1st of May
1,list all my project events I am speaking From 17th April and 1st of May
1,list all my workshops in mumbai on 21st April
1,Python conference happening in chennai for this week
1,Hub events in bangalore on 21st April
1,what are all the workshops in london on thursday
0,case studie published in java on wednesday
0,java courses on this Saturday
0,competencie on wednesday
0,ajax best practice on this Saturday
1,list all my upcoming workshops From 17th April and 1st of May
1,Python celebrations I am organizing between 1st of May and 2nd of December
1,oracle event I am organizing for this week
0,.net proposals on wednesday
0,my case studies
1,UI events I am speaking tomorrow
1,list all my event happening in chennai on next tuesday
0,ajax best practices on 21st April
0,lead with experience less than 10 years in ajax
1,list all my recommended events in mumbai for next week
0,lead with 5+ years of experience in ajax
1,d&i celebration I am participating on 21st April
0,proposal published in java From 17th April and 1st of May
0,iOS architects
0,oracle case studies on wednesday
1,IBelong trainings I am organizing for next week
0,my project tasks for next week
0,java best practice
0,what are all the best practice on Monday
1,IBelong workshops in Chennai for this week
1,Hub events tomorrow
0,scala leads with 2-7 years of experience
0,what are all the competencies tomorrow
1,list all my recommended corporates I am speaking From 17th April and 1st of May
1,Hub celebration in newyork on thursday
0,leads with 5 years of experience in oracle
1,what are all my upcoming workshops on next tuesday
1,training for this week
0,lessons learnt available in scala for this month
0,list all the proposal on Monday
1,java celebration for next month
1,d&i corporate in bangalore From 17th April and 1st of May
1,Hub event in mumbai on this Saturday
0,java leads with experience less than 10 years
0,scala related competencies on thursday
1,what are all the corporate I am participating From 17th April and 1st of May
1,Hub workshop in mumbai tomorrow
0,training published in java between 1st of May and 2nd of December
0,architects in scala with experience less than 10 years
1,IBelong conferences in bangalore today
1,list all my recommended workshops in mumbai today
1,list all my project celebration in bangalore tomorrow
0,lessons learnts published in java From 17th April and 1st of May
0,what are all my in progress task for next week
0,my white papers for next month
0,list all the competencie for next month
0,my best practice for next month
0,ajax proposal on 21st April
0,java lessons learnt on this Saturday
1,list all my workshop I am participating for this month
1,oracle workshop in newyork for next month
0,what are all the courses today
1,Python events I am speaking for next week
0,courses in ajax for next month
0,list all my in progress risks on thursday
1,what are all my recommended conference I am speaking on wednesday
0,white paper published in java for next month
0,list all the case studies for this month
0,list all my project apricots for next week
1,my project celebration in mumbai
0,analyst with experience more than 3 years in oracle
0,courses published in java for this month
1,SCALA celebration in london
1,what are all the events I am speaking today
1,Python events I am speaking on this Saturday
1,list all my recommended training I am speaking From 17th April and 1st of May
0,list all the competencie From 17th April and 1st of May
0,iOS analyst with 5 years of experience
1,UX corporates I am speaking on wednesday
1,SCALA trainings I am organizing for this month
0,list all the architect in scala
0,what are all my in progress risks for next month
0,java best practices tomorrow
1,d&i celebration in Chennai on 21st April
0,lead with 5 years of experience in oracle
0,oracle courses on thursday
0,what are all my open issue today
0,oracle competencies on Monday
0,what are all the best practices for next month
1,list all my project event in london on Monday
0,java related case studie today
1,what are all the events in newyork for this month
0,course in ajax on wednesday
0,lead in oracle with experience less than 10 years
0,my white papers on thursday
1,SCALA conferences in mumbai for this week
0,designer with experience less than 10 years in ajax
1,my events in london between 1st of May and 2nd of December
0,list all my in progress risks on Monday
0,proposals published in java today
0,who are all the expert in ajax
1,java workshop I am organizing on next tuesday
1,ajax training
0,analysts with 2-7 years of experience
1,d&i corporates in newyork for this week
1,list all my recommended conference in bangalore on Monday
1,list all my recommended workshop I am speaking on 21st April
0,android developers in java
0,iOS leads
0,what are all the white papers tomorrow
0,proposals in oracle for next month
0,.net leads
1,Python workshops in mumbai today
1,list all my upcoming corporate in mumbai for next month
0,scala related designers in oracle
0,designer with 2-7 years of experience in oracle
1,oracle events happening in chennai on Monday
1,UI workshops on wednesday
0,case studie published in java today
1,IBelong trainings in bangalore for this week
1,Hub workshops in london tomorrow
1,list all my project training in Chennai for this month
0,list all my closed issue on thursday
1,oracle trainings I am organizing tomorrow
0,developers with 5+ years of experience
0,best practices available in scala for this month
0,what are all my in progress apricots on wednesday
1,list all events in mumbai on 21st April
0,courses available in scala From 17th April and 1st of May
0,iOS expert in scala
0,list all my in progress apricots for this week
1,IBelong conference I am organizing on Monday
1,Hub celebration happening in chennai on this Saturday
1,SAP training for next week
0,SAP lead with 5 years of experience
1,what are all the conference in newyork on wednesday
0,experts with experience less than 10 years in ajax
0,what are all my in progress issues on Monday
1,list all my recommended workshop I am participating on this Saturday
1,what are all my recommended workshops in newyork From 17th April and 1st of May
0,my apricot tomorrow
1,list all my upcoming corporates in Chennai on this Saturday
1,UX event happening in chennai for next month
0,case studies in ajax for next week
0,list all my open apricots on next tuesday
0,my issues for this month
0,what are all the lessons learnts for this month
1,list all celebrations for next week
1,what are all the celebrations I am speaking for next month
1,UX events in london on 21st April
0,course in oracle on 21st April
0,list all the proposals today
0,scala lessons learnt on this Saturday
0,oracle proposal
0,oracle designers in scala
0,oracle best practice on wednesday
1,list all my workshops happening in chennai today
1,list all my project corporates in Chennai From 17th April and 1st of May
1,UX corporates in newyork today
1,list all the training on 21st April
1,my event I am participating for next month
0,java designer in ajax
0,proposal in ajax for next month
0,java related proposal for next month
0,architect in ajax with 2-7 years of experience
0,designer in java with 5+ years of experience
1,my project conference I am speaking for this week
0,android expert with 2-7 years of experience
1,list all my recommended conferences in newyork From 17th April and 1st of May
0,SAP competencie on Monday
0,white paper published in java on wednesday
1,list all trainings I am speaking between 1st of May and 2nd of December
0,my issue for this week
0,what are all my closed task for next month
1,list all my project workshops in bangalore on wednesday
1,my project celebration in mumbai on this Saturday
1,Hub workshops I am organizing on Monday
0,ajax course on next tuesday
1,IBelong workshop I am organizing for this month
0,list all my project issues on next tuesday
1,Python conference in bangalore From 17th April and 1st of May
1,list all corporates in newyork for this week
0,designers with 5+ years of experience in java
0,scala related architects with 5 years of experience
0,oracle case studies on Monday
1,list all conference happening in chennai for next week
1,d&i corporate in newyork between 1st of May and 2nd of December
1,UX corporates I am participating From 17th April and 1st of May
0,ajax designer
0,developer with experience more than 3 years in ajax
0,scala analyst with experience more than 3 years
0,task on this Saturday
0,android expert with experience less than 10 years
1,UI conferences in bangalore on 21st April
0,iOS experts in scala
0,oracle experts with 5+ years of experience
0,ajax designers
1,java workshop I am participating
1,list all event I am participating on wednesday
0,scala related competencies tomorrow
1,list all my recommended workshop in bangalore on thursday
0,list all my tasks on thursday
1,Python workshops in bangalore on this Saturday
1,UX conference I am participating
0,.net architect in scala
1,UX workshops in Chennai for this week
1,list all my project events in london on thursday
1,Hub conference in mumbai on thursday
0,android architects
0,course available in scala for this month
0,my courses between 1st of May and 2nd of December
0,what are all my closed tasks for next month
1,list all trainings in Chennai for next month
1,IBelong conference in mumbai tomorrow
1,UX training I am speaking for this month
1,my trainings on this Saturday
0,developer with 2-7 years of experience in java
0,iOS expert with experience less than 10 years
1,my events in london today
0,list all my risks on this Saturday
0,best practices published in java today
1,list all trainings in mumbai on wednesday
1,list all my upcoming training in london today
1,list all my upcoming training I am participating From 17th April and 1st of May
1,list all my project event in Chennai on this Saturday
0,java case studie on Monday
1,list all trainings I am organizing today
1,IBelong celebration on Monday
0,who are all the leads with 5+ years of experience
1,UI conference happening in chennai on thursday
1,d&i conferences I am participating between 1st of May and 2nd of December
1,java training in mumbai
1,list all my recommended conferences happening in chennai on next tuesday
0,what are all my in progress issue for this month
0,list all my open issues for next week
0,list all my open risks From 17th April and 1st of May
1,what are all my recommended corporates for this week
0,developers with 5 years of experience in oracle
0,SAP lessons learnts on next tuesday
1,list all my upcoming training in Chennai
1,what are all my upcoming conference happening in chennai From 17th April and 1st of May
1,SCALA training in london on this Saturday
1,SCALA celebrations in mumbai From 17th April and 1st of May
0,white paper available in scala on thursday
1,Python corporates I am organizing From 17th April and 1st of May
0,list all the leads in ajax
1,list all my project celebrations I am participating From 17th April and 1st of May
1,IBelong conference From 17th April and 1st of May
0,developers in ajax with experience more than 3 years
0,lead in java with 2-7 years of experience
1,list all my upcoming training I am participating
1,IBelong events happening in chennai on next tuesday
0,what are all the lessons learnt for this week
0,oracle case studies
0,scala proposal From 17th April and 1st of May
1,java events in bangalore on 21st April
0,java related proposals
1,list all event in Chennai today
1,IBelong events I am organizing tomorrow
0,java white papers for next month
0,what are all my initiated issues for next month
1,IBelong conference on 21st April
1,list all my upcoming celebrations for this month
0,scala analysts
0,list all my in progress risks on wednesday
1,java workshops I am participating
0,what are all my closed apricot on next tuesday
0,scala course on wednesday
1,IBelong event in newyork From 17th April and 1st of May
1,d&i conference I am speaking
1,list all my project trainings in mumbai on 21st April
1,list all conference in mumbai on thursday
0,SAP analyst with experience less than 10 years
0,who are all the developer with 5+ years of experience
0,apricots on Monday
1,list all my project celebration in london on next tuesday
0,java related competencies on Monday
1,my training
0,UX designers with 2-7 years of experience
1,IBelong conference in newyork for this month
0,list all the proposal tomorrow
1,my training between 1st of May and 2nd of December
0,my lessons learnts on thursday
1,oracle events in mumbai on Monday
1,my project workshop on thursday
1,java corporates in london for next week
1,list all my workshops on Monday
1,java events in london on 21st April
1,oracle celebrations happening in chennai From 17th April and 1st of May
1,list all my celebrations happening in chennai on Monday
1,trainings for next month
0,scala related analyst in java
1,what are all the corporate I am organizing for this week
1,my trainings happening in chennai for this week
1,IBelong event in london on wednesday
0,who are all the designers with 5+ years of experience
1,my project corporate I am participating for next month
0,list all my open apricot on next tuesday
1,java training on this Saturday
1,what are all my recommended conference in Chennai tomorrow
0,what are all my in progress issues on next tuesday
1,SCALA event I am organizing on this Saturday
0,scala related best practice From 17th April and 1st of May
0,designers in oracle
1,SCALA corporate in london today
0,experts with experience less than 10 years in scala
0,list all my project tasks on 21st April
0,risk tomorrow
0,competencie available in scala for this week
0,SAP best practice for this week
0,scala related lead with 5+ years of experience
0,SAP white papers for this month
0,courses on wednesday
0,what are all my closed issue for this month
0,analysts in ajax with 5+ years of experience
1,UI corporate I am speaking on wednesday
1,UI training I am participating on Monday
0,java related courses for next week
1,list all my project trainings in newyork on 21st April
0,proposals on 21st April
1,oracle workshop in newyork for next week
0,what are all my in progress issues for next month
1,SCALA conference in bangalore for next week
1,oracle events I am speaking on Monday
1,Hub event in london on thursday
1,java related training tomorrow
1,IBelong conferences for next week
1,what are all the celebrations happening in chennai on Monday
0,what are all my in progress risk on next tuesday
1,my training in bangalore
1,my conferences I am organizing on thursday
0,list all my closed issues on this Saturday
0,java analysts
0,UX lead with experience more than 3 years
0,oracle courses on this Saturday
0,what are all my initiated tasks on 21st April
0,developer with 5 years of experience in java
0,SAP leads in oracle
0,.net best practice
0,scala related designers with 5+ years of experience
0,java competencie From 17th April and 1st of May
1,java workshops in london today
1,what are all the celebration happening in chennai on wednesday
0,java related courses From 17th April and 1st of May
0,java related courses for this week
1,list all workshops in newyork on next tuesday
1,my celebration in mumbai on next tuesday
1,my project celebrations in london on this Saturday
0,list all my project issue on Monday
1,list all celebration happening in chennai
0,list all the course for next month
1,SCALA trainings I am participating on Monday
0,expert with 5 years of experience
1,what are all my upcoming workshop in london on this Saturday
1,what are all the workshops in bangalore tomorrow
0,java related lessons learnt for next week
1,d&i events in mumbai on 21st April
1,my trainings in Chennai on this Saturday
1,list all my recommended celebrations I am participating on next tuesday
0,java proposal tomorrow
1,what are all the training for this month
1,UI corporates I am speaking From 17th April and 1st of May
1,list all events happening in chennai for this month
1,UX corporates in newyork for this week
1,UX training in Chennai for this month
0,oracle lessons learnts on next tuesday
0,best practice in oracle on next tuesday
1,what are all my recommended corporate I am speaking on Monday
0,my best practices on this Saturday
0,best practices available in scala on this Saturday
0,list all the designer in oracle
0,what are all my initiated task on wednesday
1,scala trainings on next tuesday
0,list all my project task on thursday
0,.net white paper
0,list all my closed apricots for next month
0,scala course between 1st of May and 2nd of December
0,list all the courses on thursday
1,event tomorrow
0,scala best practice on Monday
0,scala related leads with experience more than 3 years
0,list all the designers in ajax
0,scala case studies today
1,list all conferences I am participating
0,proposal in ajax on next tuesday
0,what are all my closed risk for next month
0,my risks today
0,java lessons learnt on wednesday
0,scala competencie on next tuesday
0,list all my initiated risks for next week
0,android designers in scala
0,SAP architects with experience more than 3 years
0,scala related best practice
1,UI celebrations I am organizing today
0,UX developers in ajax
0,scala competencie From 17th April and 1st of May
0,case studie in ajax on wednesday
1,list all my celebrations in Chennai today
1,list all my upcoming event I am organizing on next tuesday
0,lessons learnts in oracle for this week
0,list all my closed risk today
1,trainings available in scala tomorrow
0,list all the proposal
0,who are all the analyst with 2-7 years of experience
0,scala competencie for this week
1,UI corporates in bangalore for this week
0,designer with experience more than 3 years in ajax
0,analyst in java
0,what are all my initiated task on this Saturday
0,java case studie on 21st April
0,my case studies on next tuesday
1,what are all my upcoming corporates in london for this week
0,list all my initiated risks for next month
1,d&i trainings I am participating From 17th April and 1st of May
0,list all my open issue on wednesday
0,scala lessons learnt on 21st April
0,iOS architects in scala
1,java event in london tomorrow
1,my celebrations for this month
0,.net experts in scala
0,list all my initiated issue for this week
0,scala best practices for this week
1,java workshop in london on next tuesday
0,what are all my initiated risk between 1st of May and 2nd of December
1,list all workshops in mumbai on thursday
0,list all the course on 21st April
0,scala proposal on 21st April
0,experts with 2-7 years of experience in ajax
1,my corporates I am participating today
0,java designers in oracle
1,UX trainings in mumbai for next month
1,d&i corporate I am speaking on thursday
0,oracle case studies on 21st April
1,list all my project events in Chennai between 1st of May and 2nd of December
0,scala architects in ajax
1,list all event in bangalore for next week
1,list all my project celebrations I am organizing tomorrow
1,IBelong celebrations in mumbai today
0,java lessons learnts between 1st of May and 2nd of December
1,IBelong celebrations for this week
0,what are all my initiated risks on thursday
0,issue tomorrow
1,list all celebration happening in chennai on next tuesday
1,list all my recommended celebrations in mumbai on thursday
1,list all workshops in bangalore on this Saturday
1,Python workshop in newyork for next month
0,ajax architect with experience less than 10 years
1,list all corporate for this month
1,UI corporates in bangalore From 17th April and 1st of May
0,list all the lessons learnts From 17th April and 1st of May
1,oracle events in london for this week
0,list all the proposals on 21st April
1,my project event I am participating
0,my project apricot today
0,list all my project tasks on thursday
0,what are all the proposals on Monday
0,what are all my initiated risks on wednesday
1,my project conference in london between 1st of May and 2nd of December
0,what are all the white papers on this Saturday
1,list all my project workshops in bangalore tomorrow
0,ajax competencies for next week
1,what are all my upcoming corporate in newyork between 1st of May and 2nd of December
0,ajax courses on next tuesday
1,my training in Chennai tomorrow
0,my lessons learnt on next tuesday
1,list all my corporates in Chennai on thursday
1,list all my upcoming conferences in london on this Saturday
1,what are all my recommended corporates in bangalore on 21st April
1,what are all my recommended training in london on thursday
1,SCALA conference in mumbai for next month
1,d&i workshop I am speaking for this week
1,d&i corporate I am participating tomorrow
0,iOS designer with 2-7 years of experience
0,SAP architect with experience more than 3 years
1,IBelong corporates in mumbai
1,java conference I am speaking today
1,java conferences tomorrow
0,list all my closed risk for this week
1,IBelong event in bangalore on Monday
0,scala related lessons learnt for next week
0,what are all the proposal for next month
0,courses in ajax for this month
1,my project conferences in mumbai between 1st of May and 2nd of December
0,java designer in java
1,list all my upcoming workshop on next tuesday
1,list all my project corporate in london for next week
0,proposals published in java on next tuesday
1,list all my upcoming training in bangalore on next tuesday
1,list all my upcoming events in mumbai on Monday
1,java related training for next month
1,Hub conferences in bangalore on Monday
1,IBelong workshops happening in chennai between 1st of May and 2nd of December
0,courses in ajax for this week
0,SAP course for this month
0,java competencies for this month
1,Python celebration happening in chennai From 17th April and 1st of May
0,ajax proposals between 1st of May and 2nd of December
1,d&i conferences happening in chennai on 21st April
1,UI events in newyork on 21st April
0,UX experts with 5 years of experience
1,my trainings for next week
0,java related lessons learnts on next tuesday
1,my corporate between 1st of May and 2nd of December
0,list all my issue on thursday
1,SCALA trainings on 21st April
1,Hub conference in bangalore on 21st April
0,java case studies today
1,list all event in bangalore on 21st April
1,oracle workshops I am speaking for next month
1,java corporates in Chennai on thursday
1,list all my trainings I am speaking on 21st April
0,proposal in oracle for this month
1,IBelong corporates in newyork today
0,scala related best practices on 21st April
1,what are all the workshop in mumbai on thursday
0,ajax competencie for this week
1,list all my recommended workshop in london on 21st April
0,java related best practice From 17th April and 1st of May
0,list all my project risk for this month
1,IBelong conferences in london on 21st April
0,case studies on 21st April
1,Python workshop in london on wednesday
1,.net trainings on 21st April
1,UX conference in Chennai on wednesday
0,UX developer with experience more than 3 years
0,oracle developers with experience more than 3 years
0,UX leads
1,list all my upcoming conferences in bangalore for this month
1,what are all the events in newyork on 21st April
1,list all my workshops on wednesday
0,leads with experience more than 3 years in ajax
0,java course From 17th April and 1st of May
1,list all my recommended trainings in newyork for next month
1,UI event for next week
0,what are all my initiated issue on next tuesday
0,scala related expert with 2-7 years of experience
1,list all my project corporate happening in chennai for next month
0,designers in oracle with 5 years of experience
1,IBelong training in newyork on 21st April
1,list all corporate in london for this month
0,what are all my initiated apricots on Monday
1,list all my recommended conferences I am speaking on wednesday
0,java proposal for next month
0,java related competencie for this week
1,list all my project events I am speaking on 21st April
0,java analyst in ajax
0,scala designer with experience less than 10 years
1,Python training in mumbai on wednesday
0,scala best practice on next tuesday
1,list all my events in london on thursday
0,java related lessons learnt on Monday
1,IBelong workshop in mumbai
1,list all workshop in mumbai today
0,proposal published in java for next week
1,UI events in london today
0,iOS leads with experience less than 10 years
1,SCALA corporate in newyork for next week
1,list all my recommended training in bangalore on thursday
0,ajax proposal on Monday
1,list all my project conferences on 21st April
1,UX training in Chennai
0,what are all my open risks for next week
1,IBelong conference I am participating for this month
1,UX trainings I am speaking on 21st April
1,IBelong events in Chennai for next month
1,IBelong trainings I am speaking for next month
0,what are all my initiated tasks for this week
0,what are all my closed issue on next tuesday
1,list all my project conferences in bangalore From 17th April and 1st of May
0,list all my initiated risk on this Saturday
1,d&i corporates happening in chennai for next week
1,list all my corporate in newyork for this week
1,UI corporate happening in chennai on wednesday
1,.net training for next week
1,list all corporates I am speaking on thursday
1,list all my upcoming workshop on 21st April
0,my best practice on this Saturday
0,scala best practice on 21st April
0,lead with experience more than 3 years in java
1,UX conference in london on Monday
0,best practice in ajax for this month
0,scala related competencies
1,Hub workshop in london for next week
1,what are all my upcoming workshops in newyork on thursday
0,scala competencie for next month
1,list all my recommended celebration in Chennai on this Saturday
1,what are all the conferences in newyork tomorrow
0,architects with 5 years of experience in ajax
0,scala white papers From 17th April and 1st of May
1,Python events in mumbai for next week
0,SAP experts in oracle
1,UX workshop in mumbai on 21st April
1,list all my corporate I am speaking on wednesday
1,list all my recommended events today
1,my conference I am participating on wednesday
0,case studies available in scala on thursday
0,ajax case studies for this month
0,case studie on wednesday
1,oracle celebration on next tuesday
1,UX training I am organizing on thursday
0,proposal available in scala on this Saturday
1,Hub corporates I am organizing on 21st April
0,what are all my in progress task on thursday
1,list all my project corporates in london between 1st of May and 2nd of December
0,my task on next tuesday
0,what are all my in progress apricots on 21st April
0,lessons learnt published in java on Monday
1,list all the training for next month
1,my event I am speaking for this month
1,UX events in bangalore
1,java celebrations I am participating on thursday
1,my project workshop I am speaking tomorrow
1,Python training for this month
1,IBelong workshops I am speaking for this week
1,my project corporate in london From 17th April and 1st of May
0,course available in scala on Monday
1,what are all the conferences in mumbai between 1st of May and 2nd of December
1,UI conferences I am participating for next week
0,oracle case studie on Monday
0,risk on next tuesday
1,IBelong corporates in newyork on 21st April
1,SCALA conference in london on wednesday
0,SAP analysts with 5+ years of experience
0,what are all my initiated risk for next week
0,best practices published in java on next tuesday
1,what are all my recommended trainings for this month
1,what are all my upcoming training in mumbai on this Saturday
1,IBelong events happening in chennai From 17th April and 1st of May
1,list all my upcoming conferences on wednesday
0,java related white paper From 17th April and 1st of May
1,list all my recommended conference I am organizing on Monday
0,scala related developers with 2-7 years of experience
1,list all my workshops happening in chennai on next tuesday
1,list all my workshops in bangalore
1,SCALA corporate I am speaking for this week
0,list all my closed issue between 1st of May and 2nd of December
0,java white paper From 17th April and 1st of May
0,scala competencies on Monday
1,trainings on this Saturday
0,scala related best practices on next tuesday
1,list all my upcoming celebrations in london between 1st of May and 2nd of December
1,d&i conference in Chennai for next week
1,UI celebrations in mumbai for this week
0,what are all the best practice for next month
0,oracle analysts with experience less than 10 years
1,what are all the training in london for next month
0,scala related architects with experience less than 10 years
1,oracle trainings happening in chennai on Monday
1,what are all the events I am organizing
0,.net case studie on 21st April
1,IBelong corporates in newyork on wednesday
1,UX workshops in mumbai on next tuesday
1,SCALA corporates in london on this Saturday
0,oracle analyst with 5+ years of experience
1,what are all the training I am participating on next tuesday
0,.net competencies on 21st April
1,java corporates I am organizing for next month
1,what are all my recommended corporates I am speaking today
1,list all event I am participating
0,competencies published in java on thursday
0,scala course
0,best practice in oracle
0,my risks on wednesday
0,java related lessons learnts for next month
1,trainings in ajax on wednesday
1,list all my project trainings in london today
0,list all my initiated risk on Monday
0,scala related competencies for next week
1,list all my upcoming celebrations I am participating for next week
0,lead with 5+ years of experience in scala
1,java celebration in london for next week
1,list all my conferences in bangalore on Monday
1,my project events in Chennai on this Saturday
0,best practice between 1st of May and 2nd of December
1,java events in Chennai on this Saturday
0,oracle lead with experience less than 10 years
1,list all my recommended workshops in london on next tuesday
1,java workshop in bangalore on next tuesday
1,java event in newyork
0,SAP competencies on next tuesday
0,lessons learnts From 17th April and 1st of May
1,what are all the corporates in newyork between 1st of May and 2nd of December
1,what are all my upcoming conference between 1st of May and 2nd of December
0,lessons learnt available in scala From 17th April and 1st of May
0,ajax expert in ajax
1,list all training in bangalore on 21st April
0,SAP designer in ajax
0,java experts
1,d&i event happening in chennai for next week
0,my apricot today
1,list all my project corporate in london for next month
1,trainings for this week
0,my project tasks tomorrow
1,what are all the trainings in newyork for this month
1,Python corporate I am participating between 1st of May and 2nd of December
1,Python training I am speaking for this week
0,.net competencies tomorrow
1,list all events in Chennai on 21st April
0,what are all my in progress apricots between 1st of May and 2nd of December
0,.net analyst in oracle
0,course in ajax
0,list all my closed risks on Monday
0,proposals in oracle for this month
1,my workshops in newyork on next tuesday
0,list all the proposals for this week
1,what are all my upcoming training in london on thursday
1,java corporates in bangalore on thursday
0,lessons learnts published in java for this week
0,ajax proposals on wednesday
1,my trainings I am organizing
0,scala best practice on thursday
1,list all my project celebrations I am organizing between 1st of May and 2nd of December
1,what are all the training on next tuesday
0,scala related case studies
1,IBelong workshops in bangalore for this month
1,list all my corporates in newyork tomorrow
1,what are all my recommended celebrations I am participating on thursday
0,SAP competencie today
1,IBelong trainings in london between 1st of May and 2nd of December
1,list all my project corporates I am organizing From 17th April and 1st of May
1,what are all my recommended celebration in bangalore
0,ajax lessons learnts on next tuesday
1,list all workshop happening in chennai on Monday
0,scala best practice on this Saturday
0,scala related architects in scala
1,IBelong training in Chennai for next week
1,list all my events I am participating for this month
1,java corporates in newyork on Monday
0,android developer in scala
0,java architects in java
1,what are all the conferences in mumbai for next week
0,android lead in ajax
0,SAP developer with experience less than 10 years
0,scala related white papers on 21st April
1,my conference in mumbai on this Saturday
0,oracle architects in scala
1,list all my project conference on next tuesday
0,trainings available in scala on 21st April
0,scala best practice for next month
0,my competencie today
1,list all my upcoming celebrations on this Saturday
1,oracle workshops between 1st of May and 2nd of December
1,trainings available in scala on Monday
1,Python corporate in Chennai on wednesday
1,training in ajax today
1,UI celebration on 21st April
1,list all my recommended conferences in newyork tomorrow
0,scala related competencies From 17th April and 1st of May
0,java related lessons learnts for this week
0,ajax course tomorrow
0,list all my risk for next month
1,my training in Chennai today
1,my celebrations in mumbai
1,my events I am participating on Monday
0,list all my initiated risks on thursday
0,ajax lessons learnts for this month
1,trainings in oracle on Monday
1,UX events happening in chennai on thursday
1,d&i celebration today
1,UX conference I am speaking on 21st April
1,d&i corporate in Chennai From 17th April and 1st of May
1,my trainings I am participating on thursday
1,list all my recommended conferences in newyork for this month
0,.net designers in java
1,list all my project conference in bangalore on this Saturday
0,scala related case studie on thursday
0,java leads with 5 years of experience
0,my project apricots for this month
1,Python events in mumbai From 17th April and 1st of May
1,oracle event in bangalore for this month
1,list all conference in bangalore tomorrow
0,list all the architects in ajax
1,my conferences in london on thursday
1,SCALA corporates in london From 17th April and 1st of May
0,proposal published in java on wednesday
1,list all my corporates I am participating on next tuesday
1,what are all my recommended training in Chennai on wednesday
0,courses published in java on next tuesday
1,list all my recommended corporates in Chennai tomorrow
0,my project task for this week
1,UI events in bangalore on next tuesday
1,my project events tomorrow
0,analysts in scala with 5+ years of experience
1,list all my recommended workshops I am organizing on Monday
0,.net white papers From 17th April and 1st of May
1,SCALA celebrations between 1st of May and 2nd of December
1,my project trainings in london on 21st April
1,what are all my upcoming workshop in london between 1st of May and 2nd of December
1,UI corporate happening in chennai on Monday
1,UX event in Chennai today
1,list all my workshops happening in chennai on this Saturday
1,SCALA corporates in london for next week
1,my workshops I am organizing on this Saturday
1,Hub conference in london for this week
1,list all my celebrations I am organizing
0,competencie available in scala on 21st April
1,IBelong event in mumbai for next week
1,list all event in mumbai tomorrow
0,who are all the expert with experience more than 3 years
0,my lessons learnt on wednesday
0,who are all the analyst with 5+ years of experience
0,my case studie on this Saturday
0,list all my closed apricot today
0,java related competencies From 17th April and 1st of May
0,proposal between 1st of May and 2nd of December
0,what are all my in progress risk on Monday
1,list all corporate in bangalore on 21st April
1,java event on thursday
0,what are all the best practice on 21st April
0,what are all the courses on 21st April
0,what are all my initiated apricots today
0,list all my closed risk on next tuesday
1,IBelong event on thursday
0,competencie published in java tomorrow
0,.net architect with 2-7 years of experience
0,leads with experience more than 3 years in scala
1,IBelong celebrations happening in chennai on wednesday
0,designers in java with experience more than 3 years
1,list all my upcoming conferences in london for this week
0,scala related white papers From 17th April and 1st of May
1,SCALA events happening in chennai on thursday
0,my competencie for this month
1,d&i workshops in Chennai for next week
0,SAP case studies between 1st of May and 2nd of December
0,list all my closed issues between 1st of May and 2nd of December
1,my project training I am speaking From 17th April and 1st of May
0,lessons learnt published in java on thursday
1,Python celebrations in mumbai for this week
1,UI trainings in Chennai on thursday
1,conferences on thursday
0,SAP proposals tomorrow
1,IBelong conference happening in chennai between 1st of May and 2nd of December
0,java designers in scala
1,java trainings in newyork for next month
0,list all the proposal on thursday
1,scala related trainings for this month
0,UX analysts in ajax
0,analyst in scala with 5 years of experience
0,competencies today
0,lessons learnts published in java for this month
0,my white papers on Monday
0,who are all the developer with experience more than 3 years
1,experts in chennai
1,in chennai
